[
{"value":"","text":"-"},
{"value":"0x0020,0x007F","text":"Controls and Basic Latin"},
{"value":"0x0080,0x00FF","text":"Controls and Latin-1 Supplement"},
{"value":"0x0100,0x017F","text":"Latin Extended-A"},
{"value":"0x0180,0x024F","text":"Latin Extended-B"},
{"value":"0x0250,0x02AE","text":"IPA Extensions"},
{"value":"0x02B0,0x02FE","text":"Spacing modifier letters"},
{"value":"0x0300,0x036F","text":"Combining diacritical marks"},
{"value":"0x0374,0x03FF","text":"Greek and Coptic"},
{"value":"0x0400,0x04FF","text":"Cyrillic"},
{"value":"0x0500,0x0527","text":"Cyrillic Supplement"},
{"value":"0x0530,0x058F","text":"Armenian"},
{"value":"0xFB13,0xFB17","text":"Armenian Alphabetic Presentation Forms"},
{"value":"0x05BE,0x05F4","text":"Hebrew"},
{"value":"0x0600,0x06FF","text":"Arabic"},
{"value":"0x0700,0x074F","text":"Syriac"},
{"value":"0x0750,0x077F","text":"Arabic Supplement"},
{"value":"0x0780,0x07B1","text":"Thaana"},
{"value":"0x07C0,0x07FA","text":"N'Ko"},
{"value":"0x0800,0x083E","text":"Samaritan"},
{"value":"0x0840,0x085E","text":"Mandaic"},
{"value":"0x0900,0x097F","text":"Indic scripts Devanagari"},
{"value":"0x0981,0x09FB","text":"Indic scripts Bengali"},
{"value":"0x0A01,0x0A75","text":"Indic scripts Gurmukhi"},
{"value":"0x0A81,0x0AF1","text":"Indic scripts Gujarati"},
{"value":"0x0B01,0x0B77","text":"Indic scripts Oriya"},
{"value":"0x0B82,0x0BFA","text":"Indic scripts Tamil"},
{"value":"0x0C01,0x0C7F","text":"Indic scripts Telugu"},
{"value":"0x0C82,0x0CF2","text":"Indic scripts Kannada"},
{"value":"0x0D02,0x0D7F","text":"Indic scripts Malayalam"},
{"value":"0x0D82,0x0DF4","text":"Indic scripts Sinhala"},
{"value":"0x0E01,0x0E5B","text":"Thai"},
{"value":"0x0E81,0x0EDF","text":"Lao"},
{"value":"0x0F00,0x0FDA","text":"Tibetan"},
{"value":"0x1000,0x109F","text":"Burmese Myanmar"},
{"value":"0xAA60,0xAA7B","text":"Burmese Myanmar Extended-A"},
{"value":"0x10A0,0x10FF","text":"Georgian"},
{"value":"0x1100,0x11FF","text":"Hangul jamo"},
{"value":"0xA960,0xA97C","text":"Hangul Jamo Extended-A"},
{"value":"0xD7B0,0xD7FB","text":"Hangul Jamo Extended-B"},
{"value":"0x1200,0x137C","text":"Ethiopic"},
{"value":"0x1380,0x1392","text":"Ethiopic Supplement"},
{"value":"0x2D80,0x2DDE","text":"Ethiopic Extended"},
{"value":"0xAB01,0xAB2E","text":"Ethiopic Extended-A"},
{"value":"0x13A0,0x13F4","text":"Cherokee"},
{"value":"0x1400,0x167F","text":"Unified Canadian Aboriginal syllabics"},
{"value":"0x18B0,0x18F5","text":"Unified Canadian Aboriginal Syllabics Extended"},
{"value":"0x1680,0x169C","text":"Ogham"},
{"value":"0x16A0,0x16F0","text":"Runic"},
{"value":"0x1700,0x1714","text":"Tagalog"},
{"value":"0x1720,0x1736","text":"Hanunoo"},
{"value":"0x1740,0x1753","text":"Buhid"},
{"value":"0x1760,0x1773","text":"Tagbanwa"},
{"value":"0x1780,0x17F9","text":"Khmer"},
{"value":"0x1800,0x18AA","text":"Mongolian"},
{"value":"0x1900,0x194F","text":"Limbu"},
{"value":"0x1950,0x1974","text":"Tai Le"},
{"value":"0x1980,0x19DF","text":"New Tai Lue"},
{"value":"0x19E0,0x19FF","text":"Khmer Symbols"},
{"value":"0x1A00,0x1A1F","text":"Buginese"},
{"value":"0x1A20,0x1AAD","text":"Tai Tham"},
{"value":"0x1B00,0x1B7C","text":"Balinese"},
{"value":"0x1B80,0x1BBF","text":"Sundanese"},
{"value":"0x1BC0,0x1BFF","text":"Batak"},
{"value":"0x1C00,0x1C4F","text":"Lepcha"},
{"value":"0x1C50,0x1C7F","text":"Ol Chiki"},
{"value":"0x1CD0,0x1CF6","text":"Vedic Extensions"},
{"value":"0x1D00,0x1D7F","text":"Phonetic Extensions"},
{"value":"0x1D80,0x1DBF","text":"Phonetic Extensions Supplement"},
{"value":"0x1DC0,0x1DFF","text":"Combining Diacritical Marks Supplement"},
{"value":"0x1E00,0x1EFF","text":"Latin Extended Additional"},
{"value":"0x1F00,0x1FFE","text":"Greek Extended"},
{"value":"0x2010,0x205E","text":"General Punctuation"},
{"value":"0x2200,0x22FF","text":"Mathematical Operators"},
{"value":"0x2580,0x259F","text":"Block elements"},
{"value":"0x25A0,0x25FF","text":"Geometric shapes"},
{"value":"0x2600,0x26FF","text":"Miscellaneous symbols"},
{"value":"0x2701,0x27BF","text":"Dingbats"},
{"value":"0x27C0,0x27EF","text":"Miscellaneous mathematical symbols-A"},
{"value":"0x27F0,0x27FF","text":"Supplemental arrows-A"},
{"value":"0x2801,0x28FF","text":"Braille patterns"},
{"value":"0x2C60,0x2C7F","text":"Latin Extended-C"},
{"value":"0x4E00,0x9FFF","text":"CJK unified ideographs"},
{"value":"0x3400,0x4DBF","text":"CJK Unified Ideographs, Extension A"},
{"value":"0x20000,0x2A6DF","text":"CJK Unified Ideographs, Extension B"},
{"value":"0x2A700,0x2B73F","text":"CJK Unified Ideographs, Extension C"},
{"value":"0x2B740,0x2B81F","text":"CJK Unified Ideographs, Extension D"},
{"value":"0x2E80,0x2EFF","text":"CJK Radicals Supplement"},
{"value":"0x2F00,0x2FDF","text":"Kangxi Radicals"},
{"value":"0x2FF0,0x2FFF","text":"Ideographic Description Characters"},
{"value":"0x3000,0x303F","text":"CJK Symbols and Punctuation"},
{"value":"0x31C0,0x31EF","text":"CJK Strokes"},
{"value":"0x3200,0x32FF","text":"Enclosed CJK Letters and Months"},
{"value":"0x3300,0x33FF","text":"CJK Compatibility"},
{"value":"0xF900,0xFAFF","text":"CJK Compatibility Ideographs"},
{"value":"0xFE30,0xFE4F","text":"CJK Compatibility Forms"},
{"value":"0x2F800,0x2FA1F","text":"CJK Compatibility Ideographs Supplement"},
{"value":"0xA000,0xA48C","text":"Yi Syllables"},
{"value":"0xA800,0xA82B","text":"Syloti Nagri"},
{"value":"0x10000,0x1005D","text":"Linear B Syllabary"},
{"value":"0x10080,0x100FA","text":"Linear B Ideograms"},
{"value":"0x10100,0x1013F","text":"Aegean Numbers"},
{"value":"0x10140,0x1018F","text":"Ancient Greek Numbers"},
{"value":"0x10190,0x1019B","text":"Ancient Symbols"},
{"value":"0x101D0,0x101FD","text":"Phaistos Disc"},
{"value":"0x10280,0x1029C","text":"Lycian"},
{"value":"0x102A0,0x102D0","text":"Carian"},
{"value":"0x10300,0x10323","text":"Old Italic"},
{"value":"0x10330,0x1034A","text":"Gothic"},
{"value":"0x10380,0x1039F","text":"Ugaritic"},
{"value":"0x103A0,0x103D5","text":"Old Persian"},
{"value":"0x10400,0x1044F","text":"Deseret"},
{"value":"0x10450,0x1047F","text":"Shavian"},
{"value":"0x10480,0x104A9","text":"Osmanya"},
{"value":"0x10800,0x1083F","text":"Cypriot Syllabary"},
{"value":"0x10840,0x1085F","text":"Imperial Aramaic"},
{"value":"0x10900,0x1091F","text":"Phoenician"},
{"value":"0x10A00,0x10A58","text":"Kharoshthi"},
{"value":"0x10B00,0x10B3F","text":"Avestan"},
{"value":"0x10B40,0x10B5F","text":"Inscriptional Parthian"},
{"value":"0x10B60,0x10B7F","text":"Inscriptional Pahlavi"},
{"value":"0x10C00,0x10C48","text":"Old Turkic"},
{"value":"0x10980,0x1099F","text":"Meroitic Hieroglyphs"},
{"value":"0x109A0,0x109BF","text":"Meroitic Cursive"},
{"value":"0x12000,0x1236E","text":"Cuneiform"},
{"value":"0x12400,0x12473","text":"Cuneiform Numbers and Punctuation"},
{"value":"0x13000,0x1342E","text":"Egyptian Hieroglyphs"},
{"value":"0x1D000,0x1D0F5","text":"Byzantine musical symbols"},
{"value":"0x1D100,0x1D1DD","text":"Musical symbols"},
{"value":"0x1D200,0x1D245","text":"Ancient Greek musical notation"},
{"value":"0x1F300,0x1F5FF","text":"Emoji Miscellaneous Symbols and Pictographs"},
{"value":"0x1F600,0x1F64F","text":"Emoji Emoticons"},
{"value":"0x1F680,0x1F6C5","text":"Emoji Transport And Map Symbols"},
{"value":"0x1F700,0x1F773","text":"Alchemical symbols"},
{"value":"0x1F000,0x1F02B","text":"Game symbols Mahjong Tiles"},
{"value":"0x1F030,0x1F093","text":"Game symbols Domino Tiles"},
{"value":"0x1F0A0,0x1F0DF","text":"Game symbols Playing Cards"}
]